,Location
Taito City,40
Shinjuku City,37
Sumida City,23
Chuo City,18
Shinjuku-ku,15
Shibuya-ku,15
Koto City,9
Sumida-ku,9
新宿区,9
Taitō-ku,9
Toshima City,8
Shibuya City,7
Chiyoda City,6
Ota City,5
Setagaya-ku,4
Edogawa City,4
Minato City,4
Arakawa City,4
Shinjuku,4
中央区,4
Kamakura,3
墨田区,3
Nakano City,3
Chūō-ku,2
港区,2
Ōta-ku,2
Itabashi City,2
Toshima-ku,2
Meguro City,2
Setagaya City,2
Sumida-City,1
"目黒区, 東京都, JP",1
Adachi City,1
Suginami City,1
Minamitsuru District,1
いすみ市,1
Shibuya,1
目黒区柿の木坂2-17-6,1
Kamagaya,1
"Minami Ward, Yokohama",1
Mito-shi,1
"Naka Ward, Yokohama",1
Itabashi-ku,1
Chiyoda-ku,1
杉並区,1
Kawasaki,1
Edogawa-ku,1
豊島区,1
Katsushika City,1
墨田区石原,1
"Shinjuku Ku,",1
Arakawa-ku,1
Kōtō-ku,1
渋谷区,1
Shinagawa Ku,1
Bunkyo City,1
Shibuyaku,1
"Shibuya-ku,",1
Taito Ku,1
Suginami-ku,1
"Sumida-Ku,",1
台東区東上野,1
"Fujikawaguchiko, Minamitsuru District",1
Nagareyama-shi,1
荒川区東日暮里,1
"Hodogaya-ku, Yokohama-shi",1
南伊豆町,1
Higashimurayama,1
Chōfu-shi,1
荒川区,1
Minato-ku,1
Taitou-ku,1
Narita,1
